n_ton, exact_exp_homo_b, simple_exp_homo_b,diff,fraction
4,0.000300015,0.0004,9.9985E-05,0.750037502
2,5.00E-05,0.0001,4.99975E-05,0.500025001
22,0.011550578,0.0121,0.000549422,0.954593184
3,0.000150008,0.000225,7.49925E-05,0.666700002
5,0.000500025,0.000625,0.000124975,0.800040002
6,0.000750038,0.0009,0.000149962,0.833375002
10,0.002250113,0.0025,0.000249887,0.900045002
7,0.001050053,0.001225,0.000174947,0.857185716
8,0.00140007,0.0016,0.00019993,0.875043752
9,0.00180009,0.002025,0.00022491,0.888933336
20,0.009500475,0.01,0.000499525,0.950047502
12,0.003300165,0.0036,0.000299835,0.916712502
14,0.004550228,0.0049,0.000349772,0.928617859
16,0.0060003,0.0064,0.0003997,0.937546877
19,0.008550428,0.009025,0.000474572,0.947415792
24,0.01380069,0.0144,0.00059931,0.958381252
11,0.002750138,0.003025,0.000274862,0.909136366
13,0.003900195,0.004225,0.000324805,0.923123079
21,0.010500525,0.011025,0.000524475,0.952428574
17,0.00680034,0.007225,0.00042466,0.941223532
15,0.005250263,0.005625,0.000374737,0.933380002
23,0.012650633,0.013225,0.000574367,0.956569568
29,0.020301015,0.021025,0.000723985,0.96556552
35,0.029751488,0.030625,0.000873512,0.971477145
30,0.021751088,0.0225,0.000748912,0.966715002
33,0.02640132,0.027225,0.00082368,0.969745457
18,0.007650383,0.0081,0.000449617,0.944491669
32,0.02480124,0.0256,0.00079876,0.96879844
107,0.283564178,0.286225,0.002660822,0.990703741
104,0.267813391,0.2704,0.002586609,0.990434137
36,0.031501575,0.0324,0.000898425,0.972270836
26,0.016250813,0.0169,0.000649187,0.961586541
105,0.273013651,0.275625,0.002611349,0.990525717
113,0.316415821,0.319225,0.002809179,0.991200002
28,0.018900945,0.0196,0.000699055,0.964333931
106,0.278263913,0.2809,0.002636087,0.990615569
25,0.01500075,0.015625,0.00062425,0.960048002
115,0.327766388,0.330625,0.002858612,0.991353916
119,0.351067553,0.354025,0.002957447,0.991646221
27,0.017550878,0.018225,0.000674122,0.963011114
112,0.310815541,0.3136,0.002784459,0.991120985
108,0.288914446,0.2916,0.002685554,0.99079028
111,0.305265263,0.308025,0.002759737,0.991040543
39,0.037051853,0.038025,0.000973147,0.974407695
38,0.035151758,0.0361,0.000948242,0.973732897
122,0.369068453,0.3721,0.003031547,0.991852871
116,0.333516676,0.3364,0.002883324,0.991428882
123,0.375168758,0.378225,0.003056242,0.991919515
124,0.381319066,0.3844,0.003080934,0.991985083
118,0.345167258,0.3481,0.002932742,0.991575002
120,0.357017851,0.36,0.002982149,0.991716252
127,0.400070004,0.403225,0.003154996,0.992175593
110,0.299764988,0.3025,0.002735012,0.990958639
34,0.028051403,0.0289,0.000848597,0.970636767
41,0.04100205,0.042025,0.00102295,0.975658539
37,0.033301665,0.034225,0.000923335,0.973021624
42,0.043052153,0.0441,0.001047847,0.976239288
40,0.03900195,0.04,0.00099805,0.975048752
121,0.363018151,0.366025,0.003006849,0.991785126
43,0.045152258,0.046225,0.001072742,0.976793026
45,0.049502475,0.050625,0.001122525,0.977826669
31,0.023251163,0.024025,0.000773837,0.967790325
50,0.061253063,0.0625,0.001246937,0.980049002
48,0.05640282,0.0576,0.00119718,0.979215627
60,0.088504425,0.09,0.001495575,0.983382502
56,0.07700385,0.0784,0.00139615,0.982191967
61,0.091504575,0.093025,0.001520425,0.98365574
51,0.063753188,0.065025,0.001271812,0.980441179
117,0.339316966,0.342225,0.002908034,0.991502567
66,0.107255363,0.1089,0.001644637,0.98489773
44,0.047302365,0.0484,0.001097635,0.977321593
46,0.051752588,0.0529,0.001147412,0.978309785
52,0.066303315,0.0676,0.001296685,0.980818272
63,0.097654883,0.099225,0.001570117,0.984176193
55,0.074253713,0.075625,0.001371287,0.981867275
114,0.322066103,0.3249,0.002833897,0.991277634
59,0.085554278,0.087025,0.001470722,0.983100002
58,0.082654133,0.0841,0.001445867,0.982807761
65,0.1040052,0.105625,0.0016198,0.984664618
62,0.094554728,0.0961,0.001545272,0.983920164
47,0.054052703,0.055225,0.001172297,0.978772343
57,0.07980399,0.081225,0.00142101,0.982505266
125,0.387519376,0.390625,0.003105624,0.992049602
54,0.071553578,0.0729,0.001346422,0.981530558
64,0.10080504,0.1024,0.00159496,0.984424221
72,0.12780639,0.1296,0.00179361,0.986160419
73,0.13140657,0.133225,0.00181843,0.986350687
75,0.138756938,0.140625,0.001868062,0.986716002
71,0.124256213,0.126025,0.001768787,0.985964791
78,0.150157508,0.1521,0.001942492,0.987228849
67,0.110555528,0.112225,0.001669472,0.985123883
68,0.113905695,0.1156,0.001694305,0.985343385
69,0.117305865,0.119025,0.001719135,0.985556524
77,0.146307315,0.148225,0.001917685,0.98706234
74,0.135056753,0.1369,0.001843247,0.986535813
70,0.120756038,0.1225,0.001743962,0.985763574
76,0.142507125,0.1444,0.001892875,0.98689145
79,0.154057703,0.156025,0.001967297,0.987391142
81,0.1620081,0.164025,0.0020169,0.987703706
86,0.182759138,0.1849,0.002140862,0.988421514
87,0.187059353,0.189225,0.002165647,0.988555175
80,0.1580079,0.16,0.0019921,0.987549377
88,0.19140957,0.1936,0.00219043,0.988685798
126,0.393769688,0.3969,0.003130312,0.992113098
89,0.19580979,0.198025,0.00221521,0.988813486
82,0.166058303,0.1681,0.002041697,0.987854271
133,0.438921946,0.442225,0.003303054,0.99253083
139,0.479573979,0.483025,0.003451021,0.992855398
129,0.412820641,0.416025,0.003204359,0.992297677
137,0.465823291,0.469225,0.003401709,0.992750367
131,0.425771289,0.429025,0.003253711,0.992416033
138,0.472673634,0.4761,0.003426366,0.992803263
135,0.452272614,0.455625,0.003352386,0.992642225
134,0.445572279,0.4489,0.003327721,0.992586943
85,0.178508925,0.180625,0.002116075,0.988284708
136,0.459022951,0.4624,0.003377049,0.992696694
140,0.486524326,0.49,0.003475674,0.992906788
84,0.174308715,0.1764,0.002091285,0.988144645
128,0.406420321,0.4096,0.003179679,0.992237112
90,0.200260013,0.2025,0.002239987,0.988938336
132,0.432321616,0.4356,0.003278384,0.992473866
130,0.419270964,0.4225,0.003229036,0.99235731
99,0.242562128,0.245025,0.002462872,0.989948487
83,0.170158508,0.172225,0.002066492,0.988001207
152,0.573828691,0.5776,0.003771309,0.993470726
92,0.209310466,0.2116,0.002289534,0.989179894
149,0.551327566,0.555025,0.003697434,0.993338258
150,0.558777939,0.5625,0.003722061,0.993383002
94,0.218560928,0.2209,0.002339072,0.989411173
146,0.529276464,0.5329,0.003623536,0.993200345
145,0.522026101,0.525625,0.003598899,0.993153106
98,0.237661883,0.2401,0.002438117,0.989845411
153,0.581429071,0.585225,0.003795929,0.993513728
143,0.507675384,0.511225,0.003549616,0.993056646
102,0.257562878,0.2601,0.002537122,0.990245591
93,0.213910696,0.216225,0.002314304,0.989296777
147,0.536576829,0.540225,0.003648171,0.993246941
96,0.228011401,0.2304,0.002388599,0.989632815
91,0.204760238,0.207025,0.002264762,0.989060442
148,0.543927196,0.5476,0.003672804,0.993292908
103,0.262663133,0.265225,0.002561867,0.990340779
156,0.604530227,0.6084,0.003869773,0.993639426
142,0.500575029,0.5041,0.003524971,0.993007397
100,0.247512376,0.25,0.002487624,0.990049502
109,0.294314716,0.297025,0.002710284,0.990875232
151,0.566278314,0.570025,0.003746686,0.993427155
144,0.514825741,0.5184,0.003574259,0.993105211
166,0.684784239,0.6889,0.004115761,0.994025605
141,0.493524676,0.497025,0.003500324,0.992957449
155,0.596779839,0.600625,0.003845161,0.993598067
168,0.701435072,0.7056,0.004164928,0.994097324
157,0.612330617,0.616225,0.003894383,0.993680257
158,0.620181009,0.6241,0.003918991,0.993720572
164,0.668333417,0.6724,0.004066583,0.993952137
161,0.644032202,0.648025,0.003992798,0.993838512
154,0.589079454,0.5929,0.003820546,0.993556171
97,0.232811641,0.235225,0.002413359,0.989740209
174,0.752587629,0.7569,0.004312371,0.994302589
165,0.676533827,0.680625,0.004091173,0.993989093
162,0.652082604,0.6561,0.004017396,0.993876854
160,0.636031802,0.64,0.003968198,0.99379969
173,0.743937197,0.748225,0.004287803,0.994269367
177,0.778838942,0.783225,0.004386058,0.994400002
175,0.761288064,0.765625,0.004336936,0.994335431
176,0.770038502,0.7744,0.004361498,0.9943679
227,1.282614131,1.288225,0.005610869,0.995644496
163,0.660183009,0.664225,0.004041991,0.993914726
179,0.796589829,0.801025,0.004435171,0.994463131
101,0.252512626,0.255025,0.002512374,0.990148517
231,1.328316416,1.334025,0.005708584,0.995720782
178,0.787689384,0.7921,0.004410616,0.994431744
180,0.805540277,0.81,0.004459723,0.994494169
232,1.339866993,1.3456,0.005733007,0.995739442
235,1.374818741,1.380625,0.005806259,0.995794471
228,1.293964698,1.2996,0.005635302,0.995663818
181,0.814540727,0.819025,0.004484273,0.994524864
167,0.693084654,0.697225,0.004140346,0.994061679
229,1.305365268,1.311025,0.005659732,0.995682972
236,1.386569328,1.3924,0.005830672,0.995812502
172,0.735336767,0.7396,0.004263233,0.994235758
170,0.718285914,0.7225,0.004214086,0.994167355
186,0.860293015,0.8649,0.004606985,0.99467339
182,0.82359118,0.8281,0.00450882,0.994555222
171,0.726786339,0.731025,0.004238661,0.994201757
183,0.832691635,0.837225,0.004533365,0.994585248
233,1.351467573,1.357225,0.005757427,0.995757942
191,0.907295365,0.912025,0.004729635,0.994814139
185,0.851042552,0.855625,0.004582448,0.994644327
187,0.86959348,0.874225,0.00463152,0.994702142
188,0.878943947,0.8836,0.004656053,0.994730588
201,1.005050253,1.010025,0.004974747,0.995074629
189,0.888344417,0.893025,0.004680583,0.994758733
190,0.89779489,0.9025,0.00470511,0.994786581
192,0.916845842,0.9216,0.004754158,0.994841409
194,0.936096805,0.9409,0.004803195,0.994895106
193,0.926446322,0.931225,0.004778678,0.994868396
197,0.965348267,0.970225,0.004876733,0.994973607
195,0.94579729,0.950625,0.00482771,0.994921541
196,0.955547777,0.9604,0.004852223,0.994947707
238,1.410220511,1.4161,0.005879489,0.995848112
239,1.422121106,1.428025,0.005903894,0.995865693
242,1.458122906,1.4641,0.005977094,0.995917564
200,0.995049752,1,0.004950248,0.995049752
203,1.02520126,1.030225,0.00502374,0.995123648
202,1.015100755,1.0201,0.004999245,0.99509926
205,1.045552278,1.050625,0.005072722,0.99517171
204,1.035351768,1.0404,0.005048232,0.995147797
199,0.985099255,0.990025,0.004925745,0.995024626
198,0.97519876,0.9801,0.00490124,0.994999245
210,1.097304865,1.1025,0.005195135,0.99528786
212,1.118355918,1.1236,0.005244082,0.995332786
211,1.10780539,1.113025,0.00521961,0.995310429
215,1.150307515,1.155625,0.005317485,0.995398607
214,1.13960698,1.1449,0.00529302,0.995376872
213,1.128956448,1.134225,0.005268552,0.995354932
206,1.05580279,1.0609,0.00509721,0.995195391
207,1.066103305,1.071225,0.005121695,0.995218843
209,1.086854343,1.092025,0.005170657,0.995265074
243,1.470223511,1.476225,0.006001489,0.99593457
208,1.076453823,1.0816,0.005146177,0.99524207
217,1.171858593,1.177225,0.005366407,0.995441477
218,1.182709135,1.1881,0.005390865,0.995462617
219,1.19360968,1.199025,0.00541532,0.995483564
220,1.204560228,1.21,0.005439772,0.995504321
216,1.161058053,1.1664,0.005341947,0.995420141
223,1.237711886,1.243225,0.005513114,0.995565473
221,1.215560778,1.221025,0.005464222,0.995524889
224,1.248862443,1.2544,0.005537557,0.995585494
225,1.260063003,1.265625,0.005561997,0.995605336
222,1.226611331,1.2321,0.005488669,0.995545273
230,1.316815841,1.3225,0.005684159,0.995701959
226,1.271313566,1.2769,0.005586434,0.995625002
234,1.363118156,1.3689,0.005781844,0.995776285
237,1.398369918,1.404225,0.005855082,0.995830382
241,1.446072304,1.452025,0.005952696,0.995900417
240,1.434071704,1.44,0.005928296,0.995883127
246,1.506825341,1.5129,0.006074659,0.995984759
245,1.494574729,1.500625,0.006050271,0.995968166
244,1.482374119,1.4884,0.006025881,0.995951437
350,3.053902695,3.0625,0.008597305,0.997192717
349,3.036451823,3.045025,0.008573177,0.99718453
354,3.12420621,3.1329,0.00869379,0.997225002
356,3.159657983,3.1684,0.008742017,0.997240873
357,3.177458873,3.186225,0.008766127,0.997248742
351,3.07140357,3.080025,0.00862143,0.997200857
353,3.106555328,3.115225,0.008669672,0.997217
363,3.285314266,3.294225,0.008910734,0.997295044
360,3.231161558,3.24,0.008838442,0.997272086
355,3.141907095,3.150625,0.008717905,0.99723296
364,3.303465173,3.3124,0.008934827,0.997302612
365,3.321666083,3.330625,0.008958917,0.997310139
362,3.267213361,3.2761,0.008886639,0.997287433
361,3.249162458,3.258025,0.008862542,0.997279781
368,3.376568828,3.3856,0.009031172,0.997332475
367,3.358217911,3.367225,0.009007089,0.997325071
358,3.195309765,3.2041,0.008790235,0.997256567
366,3.339916996,3.3489,0.008983004,0.997317625
359,3.213210661,3.222025,0.008814339,0.997264348
369,3.394969748,3.404025,0.009055252,0.99733984
247,1.519125956,1.525225,0.006099044,0.996001217
251,1.568828441,1.575025,0.006196559,0.99606574
249,1.543877194,1.550025,0.006147806,0.996033737
250,1.556327816,1.5625,0.006172184,0.996049802
248,1.531476574,1.5376,0.006123426,0.996017543
253,1.593979699,1.600225,0.006245301,0.996097236
252,1.581379069,1.5876,0.006220931,0.99608155
254,1.606630332,1.6129,0.006269668,0.996112798
257,1.644882244,1.651225,0.006342756,0.996158757
255,1.619330967,1.625625,0.006294033,0.996128238
256,1.632081604,1.6384,0.006318396,0.996143557
258,1.657732887,1.6641,0.006367113,0.99617384
259,1.670633532,1.677025,0.006391468,0.996188806
260,1.683584179,1.69,0.006415821,0.996203656
261,1.696584829,1.703025,0.006440171,0.996218393
263,1.722736137,1.729225,0.006488863,0.996247531
262,1.709635482,1.7161,0.006464518,0.996233018
264,1.735886794,1.7424,0.006513206,0.996261934
267,1.775638782,1.782225,0.006586218,0.996304497
265,1.749087454,1.755625,0.006537546,0.996276229
266,1.762338117,1.7689,0.006561883,0.996290416
268,1.788989449,1.7956,0.006610551,0.996318473
270,1.815840792,1.8225,0.006659208,0.996346114
269,1.80239012,1.809025,0.00663488,0.996332344
272,1.842892145,1.8496,0.006707855,0.996373348
271,1.829341467,1.836025,0.006683533,0.996359781
275,1.883844192,1.890625,0.006780808,0.996413457
273,1.856492825,1.863225,0.006732175,0.996386816
274,1.870143507,1.8769,0.006756493,0.996400185
277,1.91139557,1.918225,0.00682943,0.996439714
278,1.925246262,1.9321,0.006853738,0.9964527
279,1.939146957,1.946025,0.006878043,0.996465594
281,1.967098355,1.974025,0.006926645,0.996491106
280,1.953097655,1.96,0.006902345,0.996478395
283,1.995249762,2.002225,0.006975238,0.996516257
445,4.939746987,4.950625,0.010878013,0.997802699
282,1.981149057,1.9881,0.006950943,0.996503726
284,2.00940047,2.0164,0.00699953,0.9965287
285,2.02360118,2.030625,0.00702382,0.996541055
286,2.037851893,2.0449,0.007048107,0.996553324
287,2.052152608,2.059225,0.007072392,0.996565508
288,2.066503325,2.0736,0.007096675,0.996577607
291,2.109855493,2.117025,0.007169507,0.996613405
289,2.080904045,2.088025,0.007120955,0.996589622
290,2.095354768,2.1025,0.007145232,0.996601554
292,2.12440622,2.1316,0.00719378,0.996625174
293,2.13900695,2.146225,0.00721805,0.996636863
297,2.197909895,2.205225,0.007315105,0.996682831
295,2.168358418,2.175625,0.007266582,0.996660002
296,2.183109155,2.1904,0.007290845,0.996671455
294,2.153657683,2.1609,0.007242317,0.996648472
465,5.394269713,5.405625,0.011355287,0.997899357
298,2.212760638,2.2201,0.007339362,0.99669413
299,2.227661383,2.235025,0.007363617,0.996705354
301,2.257612881,2.265025,0.007412119,0.996727577
302,2.272663633,2.2801,0.007436367,0.996738579
300,2.242612131,2.25,0.007387869,0.996716502
303,2.287764388,2.295225,0.007460612,0.996749507
468,5.464173209,5.4756,0.011426791,0.997913144
474,5.605330267,5.6169,0.011569733,0.997940192
304,2.302915146,2.3104,0.007484854,0.996760364
306,2.333366668,2.3409,0.007533332,0.996781865
305,2.318115906,2.325625,0.007509094,0.99677115
307,2.348667433,2.356225,0.007557567,0.996792511
309,2.379418971,2.387025,0.007606029,0.996813595
470,5.511025551,5.5225,0.011474449,0.997922237
308,2.364018201,2.3716,0.007581799,0.996803087
310,2.394869743,2.4025,0.007630257,0.996824035
311,2.410370519,2.418025,0.007654481,0.996834408
315,2.472873644,2.480625,0.007751356,0.996875241
480,5.748287414,5.76,0.011712586,0.997966565
313,2.441522076,2.449225,0.007702924,0.996854955
478,5.700435022,5.7121,0.011664978,0.997957848
312,2.425921296,2.4336,0.007678704,0.996844714
314,2.457172859,2.4649,0.007727141,0.99686513
317,2.504425221,2.512225,0.007799779,0.996895271
316,2.488624431,2.4964,0.007775569,0.996885287
473,5.581679084,5.593225,0.011545916,0.997935732
318,2.520276014,2.5281,0.007823986,0.996905191
320,2.552127606,2.56,0.007872394,0.996924846
479,5.724336217,5.736025,0.011688783,0.997962215
319,2.536176809,2.544025,0.007848191,0.99691505
321,2.568128406,2.576025,0.007896594,0.996934582
322,2.584179209,2.5921,0.007920791,0.996944257
323,2.600280014,2.608225,0.007944986,0.996953872
481,5.772288614,5.784025,0.011736386,0.997970896
324,2.616430822,2.6244,0.007969178,0.996963428
327,2.665183259,2.673225,0.008041741,0.996991746
326,2.648882444,2.6569,0.008017556,0.996982364
325,2.632631632,2.640625,0.007993368,0.996972926
328,2.681534077,2.6896,0.008065923,0.99700107
329,2.697934897,2.706025,0.008090103,0.997010337
331,2.730886544,2.739025,0.008138456,0.997028703
330,2.714385719,2.7225,0.008114281,0.997019548
332,2.747437372,2.7556,0.008162628,0.997037804
333,2.764038202,2.772225,0.008186798,0.997046849
337,2.830941547,2.839225,0.008283453,0.997082495
335,2.797389869,2.805625,0.008235131,0.997064779
336,2.814140707,2.8224,0.008259293,0.997073663
334,2.780689034,2.7889,0.008210966,0.997055841
338,2.84779239,2.8561,0.00830761,0.997091275
339,2.864693235,2.873025,0.008331765,0.997100002
340,2.881644082,2.89,0.008355918,0.997108679
341,2.898644932,2.907025,0.008380068,0.997117305
343,2.93279664,2.941225,0.00842836,0.997134405
342,2.915695785,2.9241,0.008404215,0.99712588
344,2.949947497,2.9584,0.008452503,0.99714288
345,2.967148357,2.975625,0.008476643,0.997151307
346,2.98439922,2.9929,0.00850078,0.997159685
347,3.001700085,3.010225,0.008524915,0.997168014
348,3.019050953,3.0276,0.008549047,0.997176296
352,3.088954448,3.0976,0.008645552,0.997208951
488,5.941697085,5.9536,0.011902915,0.99800072
483,5.820441022,5.832225,0.011783978,0.997979506
370,3.413420671,3.4225,0.009079329,0.997347165
372,3.450472524,3.4596,0.009127476,0.997361696
371,3.431921596,3.441025,0.009103404,0.99735445
373,3.469073454,3.478225,0.009151546,0.997368903
484,5.84459223,5.8564,0.01180777,0.997983783
374,3.487724386,3.4969,0.009175614,0.997376072
375,3.506425321,3.515625,0.009199679,0.997383202
376,3.525176259,3.5344,0.009223741,0.997390295
377,3.543977199,3.553225,0.009247801,0.99739735
379,3.581729086,3.591025,0.009295914,0.997411348
378,3.562828141,3.5721,0.009271859,0.997404368
385,3.696184809,3.705625,0.009440191,0.99745247
380,3.600680034,3.61,0.009319966,0.997418292
381,3.619680984,3.629025,0.009344016,0.997425199
386,3.715435772,3.7249,0.009464228,0.997459199
382,3.638731937,3.6481,0.009368063,0.997432071
384,3.676983849,3.6864,0.009416151,0.997445706
383,3.657832892,3.667225,0.009392108,0.997438906
391,3.812440622,3.822025,0.009584378,0.99749233
387,3.734736737,3.744225,0.009488263,0.997465894
388,3.754087704,3.7636,0.009512296,0.997472554
389,3.773488674,3.783025,0.009536326,0.99747918
390,3.792939647,3.8025,0.009560353,0.997485772
396,3.910695535,3.9204,0.009704465,0.997524624
397,3.930496525,3.940225,0.009728475,0.997530985
392,3.8319916,3.8416,0.0096084,0.997498855
395,3.890944547,3.900625,0.009680453,0.99751823
398,3.950347517,3.9601,0.009752483,0.997537314
393,3.85159258,3.861225,0.00963242,0.997505346
399,3.970248512,3.980025,0.009776488,0.997543612
394,3.871243562,3.8809,0.009656438,0.997511805
401,4.01020051,4.020025,0.00982449,0.997556112
403,4.050352518,4.060225,0.009872482,0.997568489
400,3.99019951,4,0.00980049,0.997549877
404,4.070503525,4.0804,0.009896475,0.997574631
402,4.030251513,4.0401,0.009848487,0.997562316
405,4.090704535,4.100625,0.009920465,0.997580743
406,4.110955548,4.1209,0.009944452,0.997586825
407,4.131256563,4.141225,0.009968437,0.997592877
410,4.192459623,4.2025,0.010040377,0.997610856
411,4.212960648,4.223025,0.010064352,0.997616791
408,4.15160758,4.1616,0.00999242,0.9975989
409,4.1720086,4.182025,0.0100164,0.997604892
412,4.233511676,4.2436,0.010088324,0.997622697
413,4.254112706,4.264225,0.010112294,0.997628574
414,4.274763738,4.2849,0.010136262,0.997634423
416,4.316215811,4.3264,0.010184189,0.997646036
487,5.917345867,5.929225,0.011879133,0.997996512
418,4.357867893,4.3681,0.010232107,0.997657538
415,4.295464773,4.305625,0.010160227,0.997640243
420,4.399719986,4.41,0.010280014,0.997668931
419,4.378768938,4.389025,0.010256062,0.997663248
421,4.420721036,4.431025,0.010303964,0.997674587
423,4.462873144,4.473225,0.010351856,0.997685818
422,4.441772089,4.4521,0.010327911,0.997680216
486,5.893044652,5.9049,0.011855348,0.997992286
425,4.505225261,4.515625,0.010399739,0.997696944
426,4.526476324,4.5369,0.010423676,0.997702467
424,4.484024201,4.4944,0.010375799,0.997691394
429,4.590529526,4.601025,0.010495474,0.997718884
427,4.547777389,4.558225,0.010447611,0.997707965
428,4.569128456,4.5796,0.010471544,0.997713437
431,4.633481674,4.644025,0.010543326,0.997729701
433,4.676633832,4.687225,0.010591168,0.997740418
434,4.698284914,4.7089,0.010615086,0.99774574
432,4.655032752,4.6656,0.010567248,0.997735072
435,4.719985999,4.730625,0.010639001,0.997751037
437,4.763538177,4.774225,0.010686823,0.997761559
436,4.741737087,4.7524,0.010662913,0.99775631
439,4.807290365,4.818025,0.010734635,0.997771984
438,4.785389269,4.7961,0.010710731,0.997766783
441,4.851242562,4.862025,0.010782438,0.997782315
485,5.86879344,5.880625,0.01183156,0.997988044
440,4.829241462,4.84,0.010758538,0.997777162
443,4.89539477,4.906225,0.01083023,0.997792553
442,4.873293665,4.8841,0.010806335,0.997787446
444,4.917545877,4.9284,0.010854123,0.997797638
446,4.9619981,4.9729,0.0109019,0.997807738
448,5.006650333,5.0176,0.010949667,0.997817748
451,5.0740037,5.085025,0.0110213,0.997832597
449,5.029051453,5.040025,0.010973547,0.99782272
447,4.984299215,4.995225,0.010925785,0.997812754
450,5.051502575,5.0625,0.010997425,0.997827669
452,5.096554828,5.1076,0.011045172,0.997837502
454,5.14180709,5.1529,0.01109291,0.997847249
453,5.119155958,5.130225,0.011069042,0.997842387
455,5.164508225,5.175625,0.011116775,0.99785209
457,5.210060503,5.221225,0.011164497,0.997861709
456,5.187259363,5.1984,0.011140637,0.99785691
460,5.278763938,5.29,0.011236062,0.997875981
461,5.301765088,5.313025,0.011259912,0.997880697
462,5.324816241,5.3361,0.011283759,0.997885392
458,5.232911646,5.2441,0.011188354,0.997866487
459,5.255812791,5.267025,0.011212209,0.997871244
463,5.347917396,5.359225,0.011307604,0.997890067
464,5.371068553,5.3824,0.011331447,0.997894722
469,5.487574379,5.499025,0.011450621,0.9979177
466,5.417520876,5.4289,0.011379124,0.997903972
467,5.440822041,5.452225,0.011402959,0.997908568
471,5.534526726,5.546025,0.011498274,0.997926754
472,5.558077904,5.5696,0.011522096,0.997931252
475,5.629031452,5.640625,0.011593548,0.997944634
477,5.676583829,5.688225,0.011641171,0.997953462
476,5.652782639,5.6644,0.011617361,0.997949057
482,5.796339817,5.8081,0.011760183,0.99797521
491,6.015050753,6.027025,0.011974247,0.998013241
587,8.599979999,8.614225,0.014245001,0.99834634
595,8.83619181,8.850625,0.01443319,0.998369246
489,5.966098305,5.978025,0.011926695,0.99800491
588,8.629331467,8.6436,0.014268533,0.998349237
601,9.015450773,9.030025,0.014574227,0.998386026
586,8.570678534,8.5849,0.014221466,0.998343433
603,9.07560378,9.090225,0.01462122,0.998391545
592,8.747237362,8.7616,0.014362638,0.998360729
589,8.658732937,8.673025,0.014292063,0.998352125
597,8.895744787,8.910225,0.014480213,0.998374877
490,5.990549527,6.0025,0.011950473,0.998009084
585,8.541427071,8.555625,0.014197929,0.998340515
598,8.92559628,8.9401,0.01450372,0.998377678
591,8.717685884,8.732025,0.014339116,0.998357871
600,8.985449272,9,0.014550728,0.998383252
590,8.688184409,8.7025,0.014315591,0.998355002
593,8.776838842,8.791225,0.014386158,0.998363578
602,9.045502275,9.0601,0.014597725,0.99838879
594,8.806490325,8.8209,0.014409675,0.998366417
596,8.865943297,8.8804,0.014456703,0.998372066
604,9.105755288,9.1204,0.014644712,0.998394291
599,8.955497775,8.970025,0.014527225,0.99838047
646,10.41727086,10.4329,0.015629136,0.998501937
647,10.44957248,10.465225,0.015652521,0.99850433
681,11.57757888,11.594025,0.016446121,0.9985815
686,11.74833742,11.7649,0.016562583,0.998592204
697,12.12840642,12.145225,0.01681858,0.998615211
708,12.51452573,12.5316,0.017074274,0.998637502
714,12.72768638,12.7449,0.017213616,0.998649372
711,12.62088104,12.638025,0.017143956,0.998643462
715,12.76338817,12.780625,0.017236831,0.998651331
716,12.79913996,12.8164,0.017260043,0.998653285
492,6.03960198,6.0516,0.01199802,0.998017381
495,6.113555678,6.125625,0.012069322,0.998029699
493,6.06420321,6.076225,0.01202179,0.998021504
497,6.163108155,6.175225,0.012116845,0.998037829
498,6.187959398,6.2001,0.012140602,0.99804187
496,6.138306915,6.1504,0.012093085,0.998033773
494,6.088854443,6.1009,0.012045557,0.99802561
502,6.287864393,6.3001,0.012235607,0.998057871
500,6.237811891,6.25,0.012188109,0.998049902
503,6.312965648,6.325225,0.012259352,0.998061832
505,6.363318166,6.375625,0.012306834,0.998069705
499,6.212860643,6.225025,0.012164357,0.998045894
501,6.262813141,6.275025,0.012211859,0.998053895
507,6.413870694,6.426225,0.012354306,0.998077517
504,6.338116906,6.3504,0.012283094,0.998065776
506,6.388569428,6.4009,0.012330572,0.998073619
508,6.439221961,6.4516,0.012378039,0.9980814
509,6.464623231,6.477025,0.012401769,0.998085268
511,6.515575779,6.528025,0.012449221,0.998092957
512,6.541127056,6.5536,0.012472944,0.99809678
517,6.669633482,6.682225,0.012591518,0.99811567
513,6.566728336,6.579225,0.012496664,0.998100587
722,13.01470074,13.0321,0.017399265,0.998664892
510,6.490074504,6.5025,0.012425496,0.99808912
516,6.643832192,6.6564,0.012567808,0.998111921
514,6.592379619,6.6049,0.012520381,0.99810438
518,6.695484774,6.7081,0.012615226,0.998119404
515,6.618080904,6.630625,0.012544096,0.998108158
519,6.721386069,6.734025,0.012638931,0.998123124
523,6.825491275,6.838225,0.012733725,0.998137861
520,6.747337367,6.76,0.012662633,0.998126829
522,6.799389969,6.8121,0.012710031,0.998134198
524,6.851642582,6.8644,0.012757418,0.99814151
521,6.773338667,6.786025,0.012686333,0.998130521
526,6.904095205,6.9169,0.012804795,0.998148767
527,6.93039652,6.943225,0.01282848,0.998152374
525,6.877843892,6.890625,0.012781108,0.998145145
528,6.956747837,6.9696,0.012852163,0.998155968
529,6.983149157,6.996025,0.012875843,0.998159549
530,7.00960048,7.0225,0.01289952,0.998163116
718,12.87079354,12.8881,0.01730646,0.998657175
532,7.062653133,7.0756,0.012946867,0.998170209
533,7.089254463,7.102225,0.012970537,0.998173736
531,7.036101805,7.049025,0.012923195,0.998166669
536,7.169358468,7.1824,0.013041532,0.998184238
534,7.115905795,7.1289,0.012994205,0.99817725
535,7.14260713,7.155625,0.01301787,0.99818075
537,7.196159808,7.209225,0.013065192,0.998187712
539,7.249912496,7.263025,0.013112504,0.998194622
538,7.223011151,7.2361,0.013088849,0.998191173
542,7.330916546,7.3441,0.013183454,0.998204892
540,7.276863843,7.29,0.013136157,0.998198058
541,7.303865193,7.317025,0.013159807,0.998201481
543,7.358017901,7.371225,0.013207099,0.99820829
544,7.385169258,7.3984,0.013230742,0.998211675
548,7.494274714,7.5076,0.013325286,0.998225094
547,7.466923346,7.480225,0.013301654,0.998221758
546,7.439621981,7.4529,0.013278019,0.998218409
549,7.521676084,7.535025,0.013348916,0.998228418
553,7.631781589,7.645225,0.013443411,0.998241594
545,7.412370619,7.425625,0.013254381,0.998215048
550,7.549127456,7.5625,0.013372544,0.99823173
551,7.576628831,7.590025,0.013396169,0.99823503
552,7.604180209,7.6176,0.013419791,0.998238318
557,7.742687134,7.756225,0.013537866,0.998254581
559,7.798439922,7.812025,0.013585078,0.998261004
558,7.770538527,7.7841,0.013561473,0.998257798
556,7.714885744,7.7284,0.013514256,0.998251351
554,7.659432972,7.6729,0.013467028,0.998244858
555,7.687134357,7.700625,0.013490643,0.998248111
560,7.82639132,7.84,0.01360868,0.998264199
567,8.023451173,8.037225,0.013773827,0.998286246
561,7.85439272,7.868025,0.01363228,0.998267382
563,7.910545527,7.924225,0.013679473,0.998273715
564,7.938696935,7.9524,0.013703065,0.998276864
565,7.966898345,7.980625,0.013726655,0.998280002
562,7.882444122,7.8961,0.013655878,0.998270554
566,7.995149757,8.0089,0.013750243,0.99828313
570,8.108655433,8.1225,0.013844567,0.998295529
571,8.137156858,8.151025,0.013868142,0.998298601
569,8.08020401,8.094025,0.01382099,0.998292445
572,8.165708285,8.1796,0.013891715,0.998301663
573,8.194309715,8.208225,0.013915285,0.998304715
575,8.251662583,8.265625,0.013962417,0.998310785
568,8.05180259,8.0656,0.01379741,0.998289351
576,8.280414021,8.2944,0.013985979,0.998313805
574,8.222961148,8.2369,0.013938852,0.998307755
578,8.338066903,8.3521,0.014033097,0.998319812
579,8.366968348,8.381025,0.014056652,0.9983228
577,8.309215461,8.323225,0.014009539,0.998316814
580,8.395919796,8.41,0.014080204,0.998325778
583,8.483074154,8.497225,0.014150846,0.998334651
581,8.424921246,8.439025,0.014103754,0.998328746
584,8.512225611,8.5264,0.014174389,0.998337588
582,8.453972699,8.4681,0.014127301,0.998331704
605,9.135956798,9.150625,0.014668202,0.998397027
607,9.196509825,9.211225,0.014715175,0.998402474
606,9.16620831,9.1809,0.01469169,0.998399755
608,9.226861343,9.2416,0.014738657,0.998405183
613,9.379368968,9.394225,0.014856032,0.9984186
611,9.318215911,9.333025,0.014809089,0.998413259
612,9.348767438,9.3636,0.014832562,0.998415934
610,9.287714386,9.3025,0.014785614,0.998410576
616,9.471473574,9.4864,0.014926426,0.998426545
617,9.502275114,9.517225,0.014949886,0.998429176
723,13.05080254,13.068225,0.01742246,0.998666807
615,9.440722036,9.455625,0.014902964,0.998423905
618,9.533126656,9.5481,0.014973344,0.998431799
619,9.564028201,9.579025,0.014996799,0.998434413
609,9.257262863,9.272025,0.014762137,0.998407884
614,9.410020501,9.4249,0.014879499,0.998421257
621,9.625981299,9.641025,0.015043701,0.998439616
624,9.719285964,9.7344,0.015114036,0.998447358
623,9.688134407,9.703225,0.015090593,0.998444786
620,9.594979749,9.61,0.015020251,0.998437019
625,9.750487524,9.765625,0.015137476,0.998449922
622,9.657032852,9.6721,0.015067148,0.998442205
628,9.84439222,9.8596,0.01520778,0.998457566
627,9.813040652,9.828225,0.015184348,0.998455026
626,9.781739087,9.7969,0.015160913,0.998452479
629,9.87579379,9.891025,0.01523121,0.998460098
633,10.0019001,10.017225,0.015324905,0.998470145
630,9.907245362,9.9225,0.015254638,0.998462622
721,12.97864893,12.996025,0.017376068,0.998662971
635,10.06525326,10.080625,0.015371737,0.998475121
631,9.938746937,9.954025,0.015278063,0.998465137
632,9.970298515,9.9856,0.015301485,0.998467645
636,10.09700485,10.1124,0.01539515,0.998477597
637,10.12880644,10.144225,0.01541856,0.998480065
639,10.19255963,10.208025,0.015465372,0.998484979
638,10.16065803,10.1761,0.015441967,0.998482526
719,12.90669533,12.924025,0.017329665,0.998659112
640,10.22451123,10.24,0.015488774,0.998487424
641,10.25651283,10.272025,0.015512174,0.998489862
648,10.4819241,10.4976,0.015675904,0.998506715
642,10.28856443,10.3041,0.015535572,0.998492292
643,10.32066603,10.336225,0.015558967,0.998494715
645,10.38501925,10.400625,0.015605749,0.998499537
644,10.35281764,10.3684,0.015582359,0.99849713
651,10.57927896,10.595025,0.015746036,0.998513827
649,10.51432572,10.530025,0.015699284,0.998509093
654,10.67708385,10.6929,0.015816146,0.998520874
653,10.64443222,10.660225,0.015792778,0.998518532
650,10.54677734,10.5625,0.015722661,0.998511464
652,10.61183059,10.6276,0.015769408,0.998516183
655,10.70978549,10.725625,0.015839511,0.998523209
720,12.94264713,12.96,0.017352868,0.998661044
656,10.74253713,10.7584,0.015862873,0.998525536
657,10.77533877,10.791225,0.015886233,0.998527856
724,13.08695435,13.1044,0.017445652,0.998668718
659,10.84109205,10.857025,0.015932945,0.998532476
663,10.97319866,10.989225,0.01602634,0.998541631
661,10.90704535,10.923025,0.015979648,0.998537068
658,10.80819041,10.8241,0.01590959,0.99853017
662,10.940097,10.9561,0.016002995,0.998539353
660,10.8740437,10.89,0.015956298,0.998534775
668,11.13945697,11.1556,0.016143027,0.998552922
669,11.17285864,11.189025,0.016166357,0.998555159
664,11.00635032,11.0224,0.016049682,0.998543903
667,11.10610531,11.122225,0.016119695,0.998550677
665,11.03955198,11.055625,0.016073022,0.998546168
666,11.07280364,11.0889,0.01609636,0.998548426
670,11.20631032,11.2225,0.016189684,0.998557391
671,11.23981199,11.256025,0.016213009,0.998559615
672,11.27336367,11.2896,0.016236332,0.998561833
674,11.34061703,11.3569,0.016282969,0.998566249
673,11.30696535,11.323225,0.016259652,0.998564044
675,11.37431872,11.390625,0.016306284,0.998568447
676,11.4080704,11.4244,0.016329596,0.998570639
678,11.47572379,11.4921,0.016376214,0.998575002
680,11.54357718,11.56,0.016422821,0.998579341
677,11.44187209,11.458225,0.016352906,0.998572824
679,11.50962548,11.526025,0.016399519,0.998577175
683,11.64573229,11.662225,0.016492713,0.9985858
682,11.61163058,11.6281,0.016469418,0.998583654
684,11.67988399,11.6964,0.016516006,0.998587941
687,11.78263913,11.799225,0.016585868,0.998594326
685,11.7140857,11.730625,0.016539296,0.998590075
689,11.85139257,11.868025,0.01663243,0.998598551
688,11.81699085,11.8336,0.01660915,0.998596441
692,11.95489774,11.9716,0.016702255,0.998604844
690,11.88584429,11.9025,0.016655708,0.998600655
694,12.02415121,12.0409,0.016748792,0.998609008
691,11.92034602,11.937025,0.016678983,0.998602752
693,11.98949947,12.006225,0.016725525,0.998606929
695,12.05885294,12.075625,0.016772057,0.998611082
699,12.19815991,12.215025,0.016865092,0.998619316
701,12.26811341,12.285025,0.016911594,0.998623398
700,12.23311166,12.25,0.016888344,0.99862136
696,12.09360468,12.1104,0.01679532,0.998613149
698,12.16325816,12.1801,0.016841837,0.998617266
703,12.33826691,12.355225,0.016958087,0.998627456
705,12.40862043,12.425625,0.017004569,0.998631492
702,12.30316516,12.3201,0.016934842,0.99862543
707,12.47917396,12.496225,0.017051041,0.998635505
704,12.37341867,12.3904,0.016981329,0.998629477
706,12.44387219,12.4609,0.017027806,0.998633501
709,12.5499275,12.567025,0.017097504,0.998639495
710,12.58537927,12.6025,0.017120731,0.998641481
712,12.65643282,12.6736,0.017167178,0.998645438
713,12.6920346,12.709225,0.017190398,0.998647408
717,12.83494175,12.852225,0.017283253,0.998655233
729,13.26846342,13.286025,0.017561577,0.998678192
725,13.12315616,13.140625,0.017468842,0.998670623
727,13.19570979,13.213225,0.017515215,0.998674418
726,13.15940797,13.1769,0.01749203,0.998672523
731,13.34141707,13.359025,0.017607929,0.998681945
730,13.30491525,13.3225,0.017584754,0.998680071
733,13.41457073,13.432225,0.017654271,0.998685678
728,13.2320616,13.2496,0.017538397,0.998676307
732,13.3779689,13.3956,0.017631102,0.998683814
734,13.45122256,13.4689,0.017677439,0.998687537
744,13.82049102,13.8384,0.017908975,0.998705849
739,13.63523176,13.653025,0.017793238,0.998696755
737,13.56147807,13.579225,0.017746926,0.998693083
752,14.11950598,14.1376,0.018094025,0.998720149
748,13.96959848,13.9876,0.01800152,0.998713037
736,13.52467623,13.5424,0.017723766,0.998691239
742,13.74623731,13.7641,0.017862688,0.998702226
750,14.04445222,14.0625,0.018047777,0.998716602
735,13.4879244,13.505625,0.017700604,0.99868939
743,13.78333917,13.801225,0.017885833,0.99870404
758,14.34586729,14.3641,0.018232707,0.998730675
740,13.67218361,13.69,0.017816391,0.998698584
741,13.70918546,13.727025,0.017839541,0.998700407
747,13.93224661,13.950225,0.017978388,0.998711247
746,13.89494475,13.9129,0.017955253,0.998709453
755,14.23246162,14.250625,0.018163377,0.998725433
751,14.0819541,14.100025,0.018070902,0.998718378
749,14.00700035,14.025025,0.01802465,0.998714822
738,13.59832992,13.6161,0.017770084,0.998694921
753,14.15710786,14.175225,0.018117145,0.998721915
745,13.85769288,13.875625,0.017932115,0.998707654
759,14.38376919,14.402025,0.018255812,0.998732414
754,14.19475974,14.2129,0.018140262,0.998723676
810,16.38306915,16.4025,0.019430847,0.998815373
818,16.70848542,16.7281,0.019614576,0.998827447
835,17.41062053,17.430625,0.020004469,0.998852338
828,17.11975599,17.1396,0.019844012,0.998842213
834,17.36891845,17.3889,0.019981554,0.998850902
832,17.28566428,17.3056,0.019935717,0.998848019
836,17.45237262,17.4724,0.020027381,0.99885377
838,17.5360268,17.5561,0.020073199,0.998856625
837,17.49417471,17.514225,0.020050291,0.9988552
756,14.27021351,14.2884,0.018186489,0.998727185
757,14.3080154,14.326225,0.018209599,0.998728932
760,14.42172109,14.44,0.018278914,0.998734147
761,14.45972299,14.478025,0.018302014,0.998735876
762,14.49777489,14.5161,0.018325111,0.998737601
764,14.5740287,14.5924,0.018371299,0.998741037
766,14.65048252,14.6689,0.018417476,0.998744454
763,14.53587679,14.554225,0.018348206,0.998739321
767,14.68878444,14.707225,0.018440561,0.998746156
768,14.72713636,14.7456,0.018463643,0.998747854
769,14.76553828,14.784025,0.018486723,0.998749547
770,14.8039902,14.8225,0.0185098,0.998751236
771,14.84249212,14.861025,0.018532875,0.998752921
772,14.88104405,14.8996,0.018555948,0.998754601
773,14.91964598,14.938225,0.018579018,0.998756277
775,14.99699985,15.015625,0.01862515,0.998759615
777,15.07455373,15.093225,0.018671272,0.998762937
774,14.95829791,14.9769,0.018602085,0.998757948
776,15.03575179,15.0544,0.018648212,0.998761278
779,15.15230762,15.171025,0.018717385,0.998766241
780,15.19125956,15.21,0.018740437,0.998767887
778,15.11340567,15.1321,0.01869433,0.998764591
781,15.23026151,15.249025,0.018763487,0.998769529
783,15.30841542,15.327225,0.018809579,0.998772799
784,15.34756738,15.3664,0.018832622,0.998774429
785,15.38676934,15.405625,0.018855662,0.998776053
782,15.26931347,15.2881,0.018786534,0.998771166
787,15.46532327,15.484225,0.018901734,0.998779291
786,15.4260213,15.4449,0.018878699,0.998777674
788,15.50467523,15.5236,0.018924766,0.998780904
789,15.5440772,15.563025,0.018947796,0.998782512
790,15.58352918,15.6025,0.018970824,0.998784116
791,15.62303115,15.642025,0.018993848,0.998785717
792,15.66258313,15.6816,0.019016871,0.998787313
797,15.86109305,15.880225,0.019131945,0.998795235
793,15.70218511,15.721225,0.019039891,0.998788905
795,15.78153908,15.800625,0.019085923,0.998792078
796,15.82129106,15.8404,0.019108935,0.998793658
794,15.74183709,15.7609,0.019062908,0.998790494
799,15.94084704,15.960025,0.019177958,0.998798375
801,16.02080104,16.040025,0.01922396,0.998801501
798,15.90094505,15.9201,0.019154953,0.998796807
802,16.06085304,16.0801,0.019246957,0.998803057
800,15.98079904,16,0.01920096,0.99879994
803,16.10095505,16.120225,0.019269952,0.99880461
806,16.22156108,16.2409,0.019338922,0.998809246
805,16.18130907,16.200625,0.019315935,0.998807704
804,16.14110706,16.1604,0.019292945,0.998806159
808,16.30221511,16.3216,0.019384889,0.998812317
807,16.26186309,16.281225,0.019361907,0.998810783
809,16.34261713,16.362025,0.019407869,0.998813847
812,16.46412321,16.4836,0.019476794,0.998818414
811,16.42357118,16.443025,0.019453821,0.998816895
813,16.50472524,16.524225,0.019499764,0.998819929
815,16.5860793,16.605625,0.019545696,0.998822947
814,16.54537727,16.5649,0.019522731,0.99882144
817,16.66763338,16.687225,0.019591618,0.998825951
816,16.62683134,16.6464,0.019568658,0.998824451
819,16.74938747,16.769025,0.019637531,0.99882894
821,16.83134157,16.851025,0.019683433,0.998831915
822,16.87239362,16.8921,0.01970638,0.998833397
820,16.79033952,16.81,0.019660483,0.998830429
823,16.91349567,16.933225,0.019729325,0.998834875
824,16.95464773,16.9744,0.019752268,0.99883635
826,17.03710186,17.0569,0.019798145,0.998839288
825,16.99584979,17.015625,0.019775208,0.998837821
830,17.20261013,17.2225,0.019889869,0.998845123
827,17.07840392,17.098225,0.01982108,0.998840752
829,17.16115806,17.181025,0.019866942,0.99884367
831,17.24411221,17.264025,0.019912794,0.998846573
833,17.32726636,17.347225,0.019958637,0.998849462
841,17.66188309,17.682025,0.020141906,0.998860882
969,23.45097255,23.474025,0.023052451,0.999017959
966,23.3059153,23.3289,0.022984704,0.999014754
968,23.40257013,23.4256,0.023029871,0.999016893
842,17.7039352,17.7241,0.020164803,0.998862295
843,17.7460373,17.766225,0.020187698,0.998863704
845,17.83039152,17.850625,0.02023348,0.998866511
846,17.87264363,17.8929,0.020256368,0.99886791
847,17.91494575,17.935225,0.020279253,0.998869306
848,17.95729786,17.9776,0.020302135,0.998870698
851,18.08465423,18.105025,0.020370767,0.998874856
852,18.12720636,18.1476,0.02039364,0.998876235
850,18.04215211,18.0625,0.020347892,0.998873473
844,17.78818941,17.8084,0.020210591,0.998865109
854,18.21246062,18.2329,0.020439377,0.998878984
853,18.16980849,18.190225,0.02041651,0.998877611
849,17.99969998,18.020025,0.020325015,0.998872087
855,18.25516276,18.275625,0.020462242,0.998880353
865,18.68493425,18.705625,0.020690753,0.998893875
856,18.2979149,18.3184,0.020485104,0.99888172
858,18.38356918,18.4041,0.020530822,0.998884443
857,18.34071704,18.361225,0.020507964,0.998883083
859,18.42647132,18.447025,0.020553676,0.9988858
866,18.72818641,18.7489,0.020713591,0.99889521
860,18.46942347,18.49,0.020576529,0.998887154
864,18.64173209,18.6624,0.020667913,0.998892537
863,18.59857993,18.619225,0.020645071,0.998891196
861,18.51242562,18.533025,0.020599379,0.998888504
862,18.55547777,18.5761,0.020622226,0.998889852
870,18.90169508,18.9225,0.020804915,0.99890052
840,17.61988099,17.64,0.020119006,0.998859467
868,18.81484074,18.8356,0.020759258,0.998897871
871,18.94519726,18.966025,0.02082774,0.998901839
869,18.85824291,18.879025,0.020782088,0.998899197
875,19.11970599,19.140625,0.020919015,0.998907088
873,19.03235162,19.053225,0.020873382,0.99890447
872,18.98874944,19.0096,0.020850563,0.998903156
874,19.0760038,19.0969,0.0208962,0.998905781
876,19.16345817,19.1844,0.020941827,0.998908393
877,19.20726036,19.228225,0.020964637,0.998909695
839,17.5779289,17.598025,0.020096104,0.998858048
882,19.42702135,19.4481,0.021078649,0.998916159
881,19.38296915,19.404025,0.021055852,0.998914872
970,23.49942497,23.5225,0.023075029,0.999019023
967,23.35421771,23.377225,0.023007289,0.999015825
885,19.55947797,19.580625,0.021147026,0.998920002
879,19.29501475,19.316025,0.021010249,0.998912289
878,19.25111256,19.2721,0.020987444,0.998910993
887,19.6480324,19.669225,0.021192598,0.99892255
884,19.51527576,19.5364,0.021124236,0.998918724
888,19.69238462,19.7136,0.021215381,0.99892382
880,19.33896695,19.36,0.021033052,0.998913582
886,19.60373019,19.6249,0.021169813,0.998921278
883,19.47112356,19.492225,0.021101444,0.998917443
889,19.73678684,19.758025,0.021238161,0.998925087
894,19.95954798,19.9809,0.021352023,0.998931378
890,19.78123906,19.8025,0.021260938,0.998926351
891,19.82574129,19.847025,0.021283713,0.998927612
892,19.87029351,19.8916,0.021306485,0.99892887
893,19.91489574,19.936225,0.021329255,0.998930126
895,20.00425021,20.025625,0.021374787,0.998932628
896,20.04900245,20.0704,0.02139755,0.998933875
897,20.09380469,20.115225,0.02142031,0.99893512
898,20.13865693,20.1601,0.021443067,0.998936361
900,20.22851143,20.25,0.021488574,0.998938836
899,20.18355918,20.205025,0.021465822,0.9989376
901,20.27351368,20.295025,0.021511324,0.998940069
905,20.4540227,20.475625,0.021602299,0.998944975
903,20.36366818,20.385225,0.021556817,0.998942527
902,20.31856593,20.3401,0.021534072,0.9989413
907,20.54457723,20.566225,0.021647771,0.998947412
904,20.40882044,20.4304,0.021579559,0.998943752
906,20.49927496,20.5209,0.021625036,0.998946195
911,20.72628631,20.748025,0.021738686,0.998952253
910,20.68078404,20.7025,0.021715961,0.998951046
908,20.5899295,20.6116,0.021670504,0.998948626
913,20.81744087,20.839225,0.021784128,0.998954657
912,20.77183859,20.7936,0.021761408,0.998953456
915,20.90879544,20.930625,0.02182956,0.998957052
909,20.63533177,20.657025,0.021693233,0.998949837
917,21.00035002,21.022225,0.021874982,0.998959435
916,20.95454773,20.9764,0.021852273,0.998958245
914,20.86309315,20.8849,0.021806845,0.998955856
921,21.1840592,21.206025,0.021965797,0.998964172
920,21.1380569,21.16,0.021943097,0.998962992
922,21.23011151,21.2521,0.021988494,0.99896535
919,21.09210461,21.114025,0.021920395,0.998961809
924,21.32236612,21.3444,0.022033882,0.998967697
923,21.27621381,21.298225,0.022011189,0.998966525
926,21.41482074,21.4369,0.022079259,0.998970035
925,21.36856843,21.390625,0.022056572,0.998968867
927,21.46112306,21.483225,0.022101944,0.9989712
918,21.04620231,21.0681,0.02189769,0.998960623
929,21.55387769,21.576025,0.022147306,0.998973522
932,21.69338467,21.7156,0.022215331,0.998976987
928,21.50747537,21.5296,0.022124626,0.998972362
930,21.60033002,21.6225,0.022169983,0.99897468
933,21.739987,21.762225,0.022238001,0.998978138
931,21.64683234,21.669025,0.022192658,0.998975835
936,21.880094,21.9024,0.022305995,0.998981573
935,21.83334167,21.855625,0.022283333,0.99898043
937,21.92689634,21.949225,0.022328655,0.998982713
939,22.02065103,22.043025,0.022373967,0.998984987
934,21.78663933,21.8089,0.022260668,0.998979285
938,21.97374869,21.9961,0.022351313,0.998983851
943,22.20876044,22.231225,0.022464562,0.998989504
940,22.06760338,22.09,0.02239662,0.99898612
941,22.11460573,22.137025,0.02241927,0.99898725
942,22.16165808,22.1841,0.022441917,0.998988378
946,22.35036752,22.3729,0.022532482,0.998992867
944,22.2559128,22.2784,0.022487204,0.998990627
945,22.30311516,22.325625,0.022509844,0.998991749
948,22.44502225,22.4676,0.022577749,0.998995097
951,22.58737937,22.610025,0.022645631,0.998998425
950,22.53987699,22.5625,0.022623006,0.998997318
973,23.64508225,23.668225,0.023142746,0.999022202
952,22.63493175,22.6576,0.022668253,0.99899953
949,22.49242462,22.515025,0.022600379,0.998996209
957,22.87344367,22.896225,0.022781328,0.999005018
953,22.68253413,22.705225,0.022690873,0.999000632
954,22.73018651,22.7529,0.022713491,0.999001732
959,22.96919846,22.992025,0.02282654,0.999007197
955,22.77788889,22.800625,0.022736106,0.99900283
978,23.88884444,23.9121,0.023255558,0.999027456
960,23.01715086,23.04,0.022849142,0.999008284
962,23.11320566,23.1361,0.02289434,0.999010449
963,23.16130807,23.184225,0.022916935,0.999011529
992,24.5780289,24.6016,0.023571099,0.999041888
958,22.92129606,22.9441,0.022803935,0.999006109
956,22.82564128,22.8484,0.022758718,0.999003925
990,24.47897395,24.5025,0.023526051,0.999039851
964,23.20946047,23.2324,0.022939527,0.999012606
987,24.33076654,24.354225,0.023458462,0.999036781
993,24.62763138,24.651225,0.023593618,0.999042903
986,24.28146407,24.3049,0.023435927,0.999035753
961,23.06515326,23.088025,0.022871742,0.999009368
975,23.74243712,23.765625,0.023187878,0.99902431
984,24.18300915,24.2064,0.02339085,0.999033692
974,23.69373469,23.7169,0.023165313,0.999023257
994,24.67728386,24.7009,0.023616136,0.999043916
965,23.25766288,23.280625,0.022962117,0.999013681
976,23.79118956,23.8144,0.023210441,0.999025361
972,23.59647982,23.6196,0.023120176,0.999021144
977,23.839992,23.863225,0.023233,0.99902641
985,24.23221161,24.255625,0.023413389,0.999034723
980,23.98669933,24.01,0.023300665,0.999029543
971,23.5479274,23.571025,0.023097604,0.999020085
995,24.72698635,24.750625,0.023638651,0.999044927
983,24.13385669,24.157225,0.023368307,0.999032658
979,23.93774689,23.961025,0.023278113,0.999028501
989,24.42952148,24.453025,0.023503524,0.99903883
988,24.38011901,24.4036,0.023480994,0.999037806
982,24.08475424,24.1081,0.023345762,0.999031622
981,24.03570179,24.059025,0.023323215,0.999030584
996,24.77673884,24.8004,0.023661163,0.999045936
991,24.52847642,24.552025,0.023548576,0.99904087
1000,24.97624881,25,0.023751188,0.999049952
997,24.82654133,24.850225,0.023683673,0.999046943
999,24.92629631,24.950025,0.023728685,0.999048951
998,24.87639382,24.9001,0.02370618,0.999047948
